diagnosis,mean,range,std,quantile
B,13.37980112044818,7.93,1.9813675697080733,14.8
B,13.37980112044818,19.82,1.9813675697080733,14.8
M,21.134811320754718,12.84,4.283569453482647,23.8075
M,21.134811320754718,36.04,4.283569453482647,23.8075
